[["Map",1,2,9,10,37,38],"meta::meta",["Map",3,4,5,6,7,8],"astro-version","5.5.5","content-config-digest","fee0030842516a9d","astro-config-digest","{\"root\":{},\"srcDir\":{},\"publicDir\":{},\"outDir\":{},\"cacheDir\":{},\"site\":\"https://example.com\",\"compressHTML\":true,\"base\":\"/\",\"trailingSlash\":\"ignore\",\"output\":\"static\",\"scopedStyleStrategy\":\"attribute\",\"build\":{\"format\":\"directory\",\"client\":{},\"server\":{},\"assets\":\"_astro\",\"serverEntry\":\"entry.mjs\",\"redirects\":true,\"inlineStylesheets\":\"auto\",\"concurrency\":1},\"server\":{\"open\":false,\"host\":false,\"port\":4321,\"streaming\":true,\"allowedHosts\":[]},\"redirects\":{},\"image\":{\"endpoint\":{\"route\":\"/_image\"},\"service\":{\"entrypoint\":\"astro/assets/services/sharp\",\"config\":{}},\"domains\":[],\"remotePatterns\":[]},\"devToolbar\":{\"enabled\":true},\"markdown\":{\"syntaxHighlight\":{\"type\":\"shiki\",\"excludeLangs\":[\"math\"]},\"shikiConfig\":{\"langs\":[],\"langAlias\":{},\"theme\":\"github-dark\",\"themes\":{},\"wrap\":false,\"transformers\":[]},\"remarkPlugins\":[],\"rehypePlugins\":[],\"remarkRehype\":{},\"gfm\":true,\"smartypants\":true},\"security\":{\"checkOrigin\":true},\"env\":{\"schema\":{},\"validateSecrets\":false},\"experimental\":{\"clientPrerender\":false,\"contentIntellisense\":false,\"responsiveImages\":false,\"serializeConfig\":false,\"headingIdCompat\":false,\"preserveScriptOrder\":false},\"legacy\":{\"collections\":false}}","bitcoin-101",["Map",11,12],"what-is-bitcoin",{"id":11,"data":13,"body":16,"filePath":17,"digest":18,"rendered":19},{"title":14,"description":15},"What is Bitcoin?","A detailed overview of Bitcoin and the ideas behind it, including insights from The Bitcoin Standard.","Depending on who you ask, Bitcoin is:\n- Digital gold\n- A decentralized currency\n- A hedge against inflation\n- A scam\n- A revolution\n\nThe truth is, Bitcoin has been called all of these things — and often for good reason. But at its core, it is a radical shift in how we think about money, value, and trust. To understand Bitcoin properly, we need to strip away the hype and examine its foundations.\n\n---\n\n## The Basics\n\nBitcoin is a **decentralized digital currency**. It doesn't rely on banks, governments, or corporations to function. Instead, it uses mathematics, cryptography, and a distributed network of computers to operate without needing a central authority.\n\nThis makes Bitcoin fundamentally different from the money we use every day — also known as fiat currency.\n\nSome of the core properties of Bitcoin include:\n\n- **Open-source**: Anyone can view, copy, improve, or contribute to Bitcoin's codebase. This transparency ensures that no single group has hidden control over how the system works.\n\n- **Permissionless**: No one needs approval to use Bitcoin. You don’t need a bank account or identification to send or receive it. This makes it accessible to anyone with an internet connection, including people in parts of the world where banking systems are limited or unreliable.\n\n- **Fixed supply**: There will only ever be 21 million bitcoins. Unlike fiat currencies, which governments can print in unlimited quantities, Bitcoin has a hard cap. This scarcity gives it qualities similar to precious metals like gold — except Bitcoin is digital, portable, and verifiable.\n\nTogether, these traits give Bitcoin its appeal as a currency, a store of value, and a financial system alternative.\n\n---\n\n## How Bitcoin Works\n\nTo understand Bitcoin, you don’t need to be a programmer or cryptographer. But a basic overview helps demystify how it functions:\n\n- **Blockchain**: Bitcoin’s ledger is called the blockchain. It’s a public, chronological record of all transactions ever made. Each block in the chain contains a batch of transactions, and once it's added, it cannot be altered without redoing the entire chain — which is computationally impractical. This makes Bitcoin tamper-resistant.\n\n- **Miners**: Mining is the process by which new blocks are added to the blockchain. Miners are specialized computers that compete to solve complex mathematical puzzles. The winner earns new bitcoins and validates a block of transactions. This process also secures the network.\n\n- **Proof-of-Work**: This is the consensus mechanism behind Bitcoin mining. It requires miners to expend energy (in the form of electricity) to solve puzzles. The high cost of cheating makes the network trustworthy even among untrusted participants.\n\n- **Private and Public Keys**: Each Bitcoin wallet is secured with a private key — a secret string of data that proves ownership. When you send Bitcoin, you’re using your private key to sign a transaction. Your public key (or address) is what others use to send Bitcoin to you. As long as your private key remains secret, your Bitcoin is secure.\n\n---\n\n## A New Kind of Money\n\nOne of the most important ideas behind Bitcoin is the concept of **sound money** — money that maintains its value over time because it cannot be inflated or easily manipulated.\n\nHistorically, gold served this role. It was scarce, difficult to produce, and universally accepted. Fiat currencies, by contrast, are prone to devaluation through inflation, monetary policy decisions, and political interference.\n\nBitcoin reintroduces scarcity into a digital system. Unlike any digital money before it, Bitcoin is engineered to resist inflation and centralization. It allows individuals to take custody of their wealth without reliance on institutions. Its supply schedule is publicly known, and no one — not even its creator — can change its core rules without global consensus.\n\nBitcoin isn’t just money you use online. It’s money designed to work without trust in banks, governments, or any third party. That alone makes it one of the most ambitious financial experiments in history.","src/content/bitcoin-101/What is Bitcoin.md","d579604a5c349c8b",{"html":20,"metadata":21},"\u003Cp>Depending on who you ask, Bitcoin is:\u003C/p>\n\u003Cul>\n\u003Cli>Digital gold\u003C/li>\n\u003Cli>A decentralized currency\u003C/li>\n\u003Cli>A hedge against inflation\u003C/li>\n\u003Cli>A scam\u003C/li>\n\u003Cli>A revolution\u003C/li>\n\u003C/ul>\n\u003Cp>The truth is, Bitcoin has been called all of these things — and often for good reason. But at its core, it is a radical shift in how we think about money, value, and trust. To understand Bitcoin properly, we need to strip away the hype and examine its foundations.\u003C/p>\n\u003Chr>\n\u003Ch2 id=\"the-basics\">The Basics\u003C/h2>\n\u003Cp>Bitcoin is a \u003Cstrong>decentralized digital currency\u003C/strong>. It doesn’t rely on banks, governments, or corporations to function. Instead, it uses mathematics, cryptography, and a distributed network of computers to operate without needing a central authority.\u003C/p>\n\u003Cp>This makes Bitcoin fundamentally different from the money we use every day — also known as fiat currency.\u003C/p>\n\u003Cp>Some of the core properties of Bitcoin include:\u003C/p>\n\u003Cul>\n\u003Cli>\n\u003Cp>\u003Cstrong>Open-source\u003C/strong>: Anyone can view, copy, improve, or contribute to Bitcoin’s codebase. This transparency ensures that no single group has hidden control over how the system works.\u003C/p>\n\u003C/li>\n\u003Cli>\n\u003Cp>\u003Cstrong>Permissionless\u003C/strong>: No one needs approval to use Bitcoin. You don’t need a bank account or identification to send or receive it. This makes it accessible to anyone with an internet connection, including people in parts of the world where banking systems are limited or unreliable.\u003C/p>\n\u003C/li>\n\u003Cli>\n\u003Cp>\u003Cstrong>Fixed supply\u003C/strong>: There will only ever be 21 million bitcoins. Unlike fiat currencies, which governments can print in unlimited quantities, Bitcoin has a hard cap. This scarcity gives it qualities similar to precious metals like gold — except Bitcoin is digital, portable, and verifiable.\u003C/p>\n\u003C/li>\n\u003C/ul>\n\u003Cp>Together, these traits give Bitcoin its appeal as a currency, a store of value, and a financial system alternative.\u003C/p>\n\u003Chr>\n\u003Ch2 id=\"how-bitcoin-works\">How Bitcoin Works\u003C/h2>\n\u003Cp>To understand Bitcoin, you don’t need to be a programmer or cryptographer. But a basic overview helps demystify how it functions:\u003C/p>\n\u003Cul>\n\u003Cli>\n\u003Cp>\u003Cstrong>Blockchain\u003C/strong>: Bitcoin’s ledger is called the blockchain. It’s a public, chronological record of all transactions ever made. Each block in the chain contains a batch of transactions, and once it’s added, it cannot be altered without redoing the entire chain — which is computationally impractical. This makes Bitcoin tamper-resistant.\u003C/p>\n\u003C/li>\n\u003Cli>\n\u003Cp>\u003Cstrong>Miners\u003C/strong>: Mining is the process by which new blocks are added to the blockchain. Miners are specialized computers that compete to solve complex mathematical puzzles. The winner earns new bitcoins and validates a block of transactions. This process also secures the network.\u003C/p>\n\u003C/li>\n\u003Cli>\n\u003Cp>\u003Cstrong>Proof-of-Work\u003C/strong>: This is the consensus mechanism behind Bitcoin mining. It requires miners to expend energy (in the form of electricity) to solve puzzles. The high cost of cheating makes the network trustworthy even among untrusted participants.\u003C/p>\n\u003C/li>\n\u003Cli>\n\u003Cp>\u003Cstrong>Private and Public Keys\u003C/strong>: Each Bitcoin wallet is secured with a private key — a secret string of data that proves ownership. When you send Bitcoin, you’re using your private key to sign a transaction. Your public key (or address) is what others use to send Bitcoin to you. As long as your private key remains secret, your Bitcoin is secure.\u003C/p>\n\u003C/li>\n\u003C/ul>\n\u003Chr>\n\u003Ch2 id=\"a-new-kind-of-money\">A New Kind of Money\u003C/h2>\n\u003Cp>One of the most important ideas behind Bitcoin is the concept of \u003Cstrong>sound money\u003C/strong> — money that maintains its value over time because it cannot be inflated or easily manipulated.\u003C/p>\n\u003Cp>Historically, gold served this role. It was scarce, difficult to produce, and universally accepted. Fiat currencies, by contrast, are prone to devaluation through inflation, monetary policy decisions, and political interference.\u003C/p>\n\u003Cp>Bitcoin reintroduces scarcity into a digital system. Unlike any digital money before it, Bitcoin is engineered to resist inflation and centralization. It allows individuals to take custody of their wealth without reliance on institutions. Its supply schedule is publicly known, and no one — not even its creator — can change its core rules without global consensus.\u003C/p>\n\u003Cp>Bitcoin isn’t just money you use online. It’s money designed to work without trust in banks, governments, or any third party. That alone makes it one of the most ambitious financial experiments in history.\u003C/p>",{"headings":22,"localImagePaths":33,"remoteImagePaths":34,"frontmatter":35,"imagePaths":36},[23,27,30],{"depth":24,"slug":25,"text":26},2,"the-basics","The Basics",{"depth":24,"slug":28,"text":29},"how-bitcoin-works","How Bitcoin Works",{"depth":24,"slug":31,"text":32},"a-new-kind-of-money","A New Kind of Money",[],[],{"title":14,"description":15},[],"news",["Map",39,40],"strategic-bitcoin-reserve",{"id":39,"data":41,"body":45,"filePath":46,"digest":47,"rendered":48},{"title":42,"description":43,"pubDate":44},"The Strategic Bitcoin Reserve: Why the U.S. Is Buying Bitcoin","A breakdown of the new U.S. Strategic Bitcoin Reserve initiative — what it means, how it works, and why it matters.",["Date","2025-04-01T00:00:00.000Z"],"In March 2025, the United States officially announced the creation of a **Strategic Bitcoin Reserve**. This move represents a major shift in how governments view Bitcoin — not as a speculative asset or technological curiosity, but as a strategic monetary tool.\r\n\r\nThis post explains what the Strategic Bitcoin Reserve is, why the U.S. is establishing it, how it will be funded, and what this means for the future of Bitcoin and global finance.\r\n\r\n---\r\n\r\n## What Is a Strategic Bitcoin Reserve?\r\n\r\nTraditionally, governments maintain strategic reserves of assets like gold, oil, or foreign currencies to protect national interests and provide economic stability. These reserves serve as a form of financial insurance — a way to respond to crises, secure monetary credibility, or influence markets.\r\n\r\nThe **Strategic Bitcoin Reserve** follows this same logic, but with a 21st-century twist: it treats Bitcoin as a *monetary reserve asset* worthy of national stockpiling.\r\n\r\n---\r\n\r\n## Timeline of Events\r\n\r\nHere’s how we got here:\r\n\r\n- **July 2024** — Senator Cynthia Lummis introduces the **BITCOIN Act**, proposing a federal Bitcoin acquisition program of up to 200,000 BTC per year for five years.  \r\n  📎 [Source: Coindesk](https://www.coindesk.com/policy/2024/07/30/us-strategic-bitcoin-reserve-to-be-funded-partly-by-revaluing-feds-gold-draft-bill-shows?utm_source=chatgpt.com)\r\n\r\n- **March 2025** — President Trump signs an executive order to create the **Strategic Bitcoin Reserve** and a broader **U.S. Digital Asset Stockpile**, signaling national-level commitment to digital asset infrastructure.  \r\n  📎 [Source: WhiteHouse.gov](https://www.whitehouse.gov/fact-sheets/2025/03/fact-sheet-president-donald-j-trump-establishes-the-strategic-bitcoin-reserve-and-u-s-digital-asset-stockpile/?utm_source=chatgpt.com)\r\n\r\n---\r\n\r\n## Which Assets Will Be Included?\r\n\r\nWhile the focus is on Bitcoin, the digital asset reserve will also include:\r\n\r\n- **Bitcoin (BTC)**\r\n- **Ethereum (ETH)**\r\n- **Ripple (XRP)**\r\n- **Solana (SOL)**\r\n- **Cardano (ADA)**\r\n\r\n💡 *Visual suggestion: Pie chart of initial proposed reserve asset allocation (e.g., 70% BTC, 15% ETH, etc.)*\r\n\r\nThis broader inclusion suggests the U.S. is not only treating Bitcoin as a store of value but also exploring the infrastructure and use cases behind other blockchains.\r\n\r\n---\r\n\r\n## How Will the U.S. Pay for This?\r\n\r\nInterestingly, the funding mechanism avoids new taxes or money printing.\r\n\r\nInstead, the government plans to **revalue its existing gold reserves**. The gold held by the Federal Reserve is currently valued on the books at ~$42/oz — far below its market value (which has been over $2,000/oz). By adjusting this book value closer to market price, the government can \"unlock\" accounting gains that can be used to acquire Bitcoin.\r\n\r\n> 📊 *Visual suggestion: Bar graph comparing book value vs. market value of U.S. gold reserves*\r\n\r\nThis revaluation does not involve selling gold or changing monetary policy — it’s a creative way to fund Bitcoin acquisition using existing national wealth.\r\n\r\n---\r\n\r\n## Why Is the U.S. Doing This?\r\n\r\nThere are several possible motivations:\r\n\r\n### 1. **Monetary Diversification**\r\nAdding Bitcoin to the U.S. reserve portfolio hedges against the long-term risks of dollar debasement and global de-dollarization.\r\n\r\n### 2. **Strategic Positioning**\r\nBitcoin adoption is accelerating globally. Holding Bitcoin ensures the U.S. isn’t left behind in a future where decentralized digital assets play a larger role in the financial system.\r\n\r\n### 3. **Geopolitical Leverage**\r\nAs other countries explore central bank digital currencies (CBDCs) and accumulate gold or digital assets, Bitcoin gives the U.S. another tool to compete economically — especially if other nations begin holding BTC as well.\r\n\r\n---\r\n\r\n## Market Impact\r\n\r\nImmediately after the announcement, Bitcoin and the other listed assets saw a significant price rally.\r\n\r\n> 📈 *Visual suggestion: Line chart showing BTC price before/after the March 2025 executive order announcement*\r\n\r\nThis shows how much market sentiment is influenced by institutional and governmental involvement. It also demonstrates growing confidence in Bitcoin as a legitimate, strategic asset.\r\n\r\n---\r\n\r\n## What Happens Next?\r\n\r\nAs of April 2025, the Strategic Bitcoin Reserve is in early implementation:\r\n\r\n- Wallet infrastructure and cold storage custody are being developed.\r\n- Acquisition timelines and procurement methods (e.g., over-the-counter purchases) are being finalized.\r\n- Collaboration with U.S.-based crypto infrastructure firms is underway.\r\n\r\nThis move could trigger **a domino effect** — other nations may begin considering or accelerating their own crypto reserve strategies.\r\n\r\n---\r\n\r\n## Final Thoughts\r\n\r\nThis is a historic moment for Bitcoin.\r\n\r\nFor years, Bitcoin advocates argued that Bitcoin is sound money, a digital form of gold. That idea just received one of the strongest validations yet — from the world’s largest economy.\r\n\r\nIf Bitcoin was once seen as a tool","src/content/news/strategic-bitcoin-reserve.md","ba9dcb14591c61ec",{"html":49,"metadata":50},"\u003Cp>In March 2025, the United States officially announced the creation of a \u003Cstrong>Strategic Bitcoin Reserve\u003C/strong>. This move represents a major shift in how governments view Bitcoin — not as a speculative asset or technological curiosity, but as a strategic monetary tool.\u003C/p>\n\u003Cp>This post explains what the Strategic Bitcoin Reserve is, why the U.S. is establishing it, how it will be funded, and what this means for the future of Bitcoin and global finance.\u003C/p>\n\u003Chr>\n\u003Ch2 id=\"what-is-a-strategic-bitcoin-reserve\">What Is a Strategic Bitcoin Reserve?\u003C/h2>\n\u003Cp>Traditionally, governments maintain strategic reserves of assets like gold, oil, or foreign currencies to protect national interests and provide economic stability. These reserves serve as a form of financial insurance — a way to respond to crises, secure monetary credibility, or influence markets.\u003C/p>\n\u003Cp>The \u003Cstrong>Strategic Bitcoin Reserve\u003C/strong> follows this same logic, but with a 21st-century twist: it treats Bitcoin as a \u003Cem>monetary reserve asset\u003C/em> worthy of national stockpiling.\u003C/p>\n\u003Chr>\n\u003Ch2 id=\"timeline-of-events\">Timeline of Events\u003C/h2>\n\u003Cp>Here’s how we got here:\u003C/p>\n\u003Cul>\n\u003Cli>\n\u003Cp>\u003Cstrong>July 2024\u003C/strong> — Senator Cynthia Lummis introduces the \u003Cstrong>BITCOIN Act\u003C/strong>, proposing a federal Bitcoin acquisition program of up to 200,000 BTC per year for five years.\u003Cbr>\n📎 \u003Ca href=\"https://www.coindesk.com/policy/2024/07/30/us-strategic-bitcoin-reserve-to-be-funded-partly-by-revaluing-feds-gold-draft-bill-shows?utm_source=chatgpt.com\">Source: Coindesk\u003C/a>\u003C/p>\n\u003C/li>\n\u003Cli>\n\u003Cp>\u003Cstrong>March 2025\u003C/strong> — President Trump signs an executive order to create the \u003Cstrong>Strategic Bitcoin Reserve\u003C/strong> and a broader \u003Cstrong>U.S. Digital Asset Stockpile\u003C/strong>, signaling national-level commitment to digital asset infrastructure.\u003Cbr>\n📎 \u003Ca href=\"https://www.whitehouse.gov/fact-sheets/2025/03/fact-sheet-president-donald-j-trump-establishes-the-strategic-bitcoin-reserve-and-u-s-digital-asset-stockpile/?utm_source=chatgpt.com\">Source: WhiteHouse.gov\u003C/a>\u003C/p>\n\u003C/li>\n\u003C/ul>\n\u003Chr>\n\u003Ch2 id=\"which-assets-will-be-included\">Which Assets Will Be Included?\u003C/h2>\n\u003Cp>While the focus is on Bitcoin, the digital asset reserve will also include:\u003C/p>\n\u003Cul>\n\u003Cli>\u003Cstrong>Bitcoin (BTC)\u003C/strong>\u003C/li>\n\u003Cli>\u003Cstrong>Ethereum (ETH)\u003C/strong>\u003C/li>\n\u003Cli>\u003Cstrong>Ripple (XRP)\u003C/strong>\u003C/li>\n\u003Cli>\u003Cstrong>Solana (SOL)\u003C/strong>\u003C/li>\n\u003Cli>\u003Cstrong>Cardano (ADA)\u003C/strong>\u003C/li>\n\u003C/ul>\n\u003Cp>💡 \u003Cem>Visual suggestion: Pie chart of initial proposed reserve asset allocation (e.g., 70% BTC, 15% ETH, etc.)\u003C/em>\u003C/p>\n\u003Cp>This broader inclusion suggests the U.S. is not only treating Bitcoin as a store of value but also exploring the infrastructure and use cases behind other blockchains.\u003C/p>\n\u003Chr>\n\u003Ch2 id=\"how-will-the-us-pay-for-this\">How Will the U.S. Pay for This?\u003C/h2>\n\u003Cp>Interestingly, the funding mechanism avoids new taxes or money printing.\u003C/p>\n\u003Cp>Instead, the government plans to \u003Cstrong>revalue its existing gold reserves\u003C/strong>. The gold held by the Federal Reserve is currently valued on the books at ~$42/oz — far below its market value (which has been over $2,000/oz). By adjusting this book value closer to market price, the government can “unlock” accounting gains that can be used to acquire Bitcoin.\u003C/p>\n\u003Cblockquote>\n\u003Cp>📊 \u003Cem>Visual suggestion: Bar graph comparing book value vs. market value of U.S. gold reserves\u003C/em>\u003C/p>\n\u003C/blockquote>\n\u003Cp>This revaluation does not involve selling gold or changing monetary policy — it’s a creative way to fund Bitcoin acquisition using existing national wealth.\u003C/p>\n\u003Chr>\n\u003Ch2 id=\"why-is-the-us-doing-this\">Why Is the U.S. Doing This?\u003C/h2>\n\u003Cp>There are several possible motivations:\u003C/p>\n\u003Ch3 id=\"1-monetary-diversification\">1. \u003Cstrong>Monetary Diversification\u003C/strong>\u003C/h3>\n\u003Cp>Adding Bitcoin to the U.S. reserve portfolio hedges against the long-term risks of dollar debasement and global de-dollarization.\u003C/p>\n\u003Ch3 id=\"2-strategic-positioning\">2. \u003Cstrong>Strategic Positioning\u003C/strong>\u003C/h3>\n\u003Cp>Bitcoin adoption is accelerating globally. Holding Bitcoin ensures the U.S. isn’t left behind in a future where decentralized digital assets play a larger role in the financial system.\u003C/p>\n\u003Ch3 id=\"3-geopolitical-leverage\">3. \u003Cstrong>Geopolitical Leverage\u003C/strong>\u003C/h3>\n\u003Cp>As other countries explore central bank digital currencies (CBDCs) and accumulate gold or digital assets, Bitcoin gives the U.S. another tool to compete economically — especially if other nations begin holding BTC as well.\u003C/p>\n\u003Chr>\n\u003Ch2 id=\"market-impact\">Market Impact\u003C/h2>\n\u003Cp>Immediately after the announcement, Bitcoin and the other listed assets saw a significant price rally.\u003C/p>\n\u003Cblockquote>\n\u003Cp>📈 \u003Cem>Visual suggestion: Line chart showing BTC price before/after the March 2025 executive order announcement\u003C/em>\u003C/p>\n\u003C/blockquote>\n\u003Cp>This shows how much market sentiment is influenced by institutional and governmental involvement. It also demonstrates growing confidence in Bitcoin as a legitimate, strategic asset.\u003C/p>\n\u003Chr>\n\u003Ch2 id=\"what-happens-next\">What Happens Next?\u003C/h2>\n\u003Cp>As of April 2025, the Strategic Bitcoin Reserve is in early implementation:\u003C/p>\n\u003Cul>\n\u003Cli>Wallet infrastructure and cold storage custody are being developed.\u003C/li>\n\u003Cli>Acquisition timelines and procurement methods (e.g., over-the-counter purchases) are being finalized.\u003C/li>\n\u003Cli>Collaboration with U.S.-based crypto infrastructure firms is underway.\u003C/li>\n\u003C/ul>\n\u003Cp>This move could trigger \u003Cstrong>a domino effect\u003C/strong> — other nations may begin considering or accelerating their own crypto reserve strategies.\u003C/p>\n\u003Chr>\n\u003Ch2 id=\"final-thoughts\">Final Thoughts\u003C/h2>\n\u003Cp>This is a historic moment for Bitcoin.\u003C/p>\n\u003Cp>For years, Bitcoin advocates argued that Bitcoin is sound money, a digital form of gold. That idea just received one of the strongest validations yet — from the world’s largest economy.\u003C/p>\n\u003Cp>If Bitcoin was once seen as a tool\u003C/p>",{"headings":51,"localImagePaths":86,"remoteImagePaths":87,"frontmatter":88,"imagePaths":91},[52,55,58,61,64,67,71,74,77,80,83],{"depth":24,"slug":53,"text":54},"what-is-a-strategic-bitcoin-reserve","What Is a Strategic Bitcoin Reserve?",{"depth":24,"slug":56,"text":57},"timeline-of-events","Timeline of Events",{"depth":24,"slug":59,"text":60},"which-assets-will-be-included","Which Assets Will Be Included?",{"depth":24,"slug":62,"text":63},"how-will-the-us-pay-for-this","How Will the U.S. Pay for This?",{"depth":24,"slug":65,"text":66},"why-is-the-us-doing-this","Why Is the U.S. Doing This?",{"depth":68,"slug":69,"text":70},3,"1-monetary-diversification","1. Monetary Diversification",{"depth":68,"slug":72,"text":73},"2-strategic-positioning","2. Strategic Positioning",{"depth":68,"slug":75,"text":76},"3-geopolitical-leverage","3. Geopolitical Leverage",{"depth":24,"slug":78,"text":79},"market-impact","Market Impact",{"depth":24,"slug":81,"text":82},"what-happens-next","What Happens Next?",{"depth":24,"slug":84,"text":85},"final-thoughts","Final Thoughts",[],[],{"title":42,"description":43,"pubDate":89,"layout":90},["Date","2025-04-01T00:00:00.000Z"],"../../layouts/BlogPost.astro",[]]